{"stats":{"minecraft:killed_by":{"minecraft:player":3,"minecraft:zombie":1},"minecraft:mined":{"minecraft:large_fern":18,"minecraft:podzol":1,"bloomingnature:swamp_oak_log":1,"minecraft:mossy_cobblestone":4,"minecraft:cobbled_deepslate":2,"minecraft:spruce_log":2,"minecraft:andesite":7,"minecraft:azure_bluet":2,"minecraft:grass":101,"minecraft:grass_block":3,"minecraft:oak_log":2,"minecraft:dirt":5,"minecraft:tall_grass":16,"minecraft:cobblestone":33,"minecraft:stone":28,"minecraft:spruce_leaves":6,"bloomingnature:amaryllis":7,"minecraft:oak_leaves":13,"minecraft:fern":27},"minecraft:used":{"minecraft:oak_log":1,"minecraft:iron_pickaxe":78,"minecraft:spruce_planks":8,"minecraft:stone":151,"minecraft:totem_of_undying":1,"minecraft:rotten_flesh":2,"bloomingnature:amaryllis":1,"minecraft:mossy_cobblestone":25,"minecraft:dirt":21,"minecraft:cobblestone":87,"minecraft:andesite":53,"minecraft:egg":1,"minecraft:cobbled_deepslate":17},"minecraft:crafted":{"minecraft:spruce_planks":8},"minecraft:picked_up":{"minecraft:stick":8,"minecraft:azure_bluet":2,"minecraft:stone":64,"minecraft:andesite":70,"bloomingnature:amaryllis":6,"minecraft:oak_log":2,"minecraft:spruce_log":2,"minecraft:dirt":24,"minecraft:mossy_cobblestone":68,"minecraft:arrow":1,"minecraft:bone":1,"minecraft:rotten_flesh":4,"minecraft:wheat_seeds":28,"bloomingnature:swamp_oak_log":1,"minecraft:cobbled_deepslate":66,"minecraft:netherite_sword":1,"minecraft:totem_of_undying":1,"minecraft:iron_pickaxe":1,"minecraft:oak_sapling":12,"minecraft:birch_sapling":3,"minecraft:cobblestone":122,"minecraft:egg":1},"minecraft:dropped":{"minecraft:wheat_seeds":6,"minecraft:birch_sapling":1,"minecraft:rotten_flesh":2,"minecraft:azure_bluet":1,"minecraft:bone":1},"minecraft:custom":{"minecraft:time_since_rest":2455,"minecraft:sprint_one_cm":54531,"minecraft:walk_one_cm":99049,"minecraft:damage_taken":2591,"minecraft:damage_absorbed":80,"minecraft:drop":11,"minecraft:damage_dealt":192,"minecraft:fly_one_cm":121402,"minecraft:open_chest":3,"minecraft:crouch_one_cm":3863,"minecraft:play_time":37869,"minecraft:deaths":4,"minecraft:sneak_time":2015,"minecraft:jump":606,"minecraft:leave_game":8,"minecraft:time_since_death":2415,"minecraft:total_world_time":37869,"minecraft:fall_one_cm":16827}},"DataVersion":3465}