{"stats":{"minecraft:killed_by":{"minecraft:player":2},"minecraft:mined":{"minecraft:podzol":1,"minecraft:grass":4,"minecraft:dirt":1,"minecraft:tall_grass":2,"minecraft:spruce_leaves":6,"minecraft:spruce_log":2,"minecraft:fern":2},"minecraft:used":{"minecraft:dirt":2,"minecraft:spruce_planks":8,"minecraft:egg":1,"minecraft:totem_of_undying":1},"minecraft:crafted":{"minecraft:spruce_planks":8},"minecraft:picked_up":{"minecraft:wheat_seeds":2,"minecraft:totem_of_undying":1,"minecraft:spruce_log":2,"minecraft:dirt":2,"minecraft:egg":1},"minecraft:dropped":{"minecraft:wheat_seeds":2},"minecraft:custom":{"minecraft:time_since_rest":13161,"minecraft:crouch_one_cm":884,"minecraft:damage_absorbed":80,"minecraft:play_time":17917,"minecraft:sprint_one_cm":28493,"minecraft:damage_taken":1427,"minecraft:deaths":2,"minecraft:walk_one_cm":18623,"minecraft:sneak_time":634,"minecraft:drop":2,"minecraft:jump":365,"minecraft:damage_dealt":83,"minecraft:leave_game":7,"minecraft:time_since_death":13134,"minecraft:total_world_time":17917,"minecraft:fall_one_cm":14017,"minecraft:fly_one_cm":54536}},"DataVersion":3465}