{"stats":{"minecraft:killed_by":{"minecraft:player":3,"minecraft:zombie":2},"minecraft:mined":{"minecraft:large_fern":25,"minecraft:podzol":1,"bloomingnature:swamp_oak_log":1,"minecraft:mossy_cobblestone":4,"minecraft:cobbled_deepslate":2,"minecraft:spruce_log":2,"minecraft:andesite":7,"minecraft:azure_bluet":2,"bloomingnature:swamp_oak_leaves":3,"minecraft:grass":138,"minecraft:grass_block":3,"minecraft:oak_log":3,"minecraft:dirt":5,"minecraft:tall_grass":18,"minecraft:cobblestone":33,"minecraft:stone":29,"minecraft:spruce_leaves":6,"bloomingnature:amaryllis":7,"minecraft:moss_block":1,"minecraft:rooted_dirt":1,"minecraft:oak_leaves":29,"minecraft:fern":34},"minecraft:used":{"minecraft:oak_log":3,"minecraft:moss_block":1,"minecraft:rooted_dirt":1,"minecraft:iron_pickaxe":79,"minecraft:spruce_planks":8,"minecraft:stone":206,"minecraft:totem_of_undying":1,"minecraft:rotten_flesh":2,"bloomingnature:amaryllis":1,"minecraft:mossy_cobblestone":33,"minecraft:dirt":21,"minecraft:cobblestone":99,"minecraft:oak_sapling":3,"minecraft:andesite":70,"minecraft:egg":1,"minecraft:cobbled_deepslate":32},"minecraft:crafted":{"minecraft:spruce_planks":8},"minecraft:picked_up":{"minecraft:stick":9,"minecraft:azure_bluet":2,"minecraft:stone":64,"minecraft:andesite":70,"bloomingnature:amaryllis":6,"minecraft:oak_log":4,"minecraft:spruce_log":2,"minecraft:dirt":24,"minecraft:mossy_cobblestone":125,"minecraft:arrow":1,"minecraft:bone":1,"minecraft:rotten_flesh":4,"minecraft:apple":1,"minecraft:wheat_seeds":32,"bloomingnature:swamp_oak_log":2,"minecraft:cobbled_deepslate":66,"minecraft:netherite_sword":1,"minecraft:totem_of_undying":1,"minecraft:iron_pickaxe":1,"minecraft:rooted_dirt":1,"minecraft:oak_sapling":15,"minecraft:moss_block":1,"minecraft:birch_sapling":3,"minecraft:cobblestone":149,"minecraft:egg":1},"minecraft:dropped":{"minecraft:wheat_seeds":6,"bloomingnature:swamp_oak_log":1,"minecraft:oak_log":1,"minecraft:mossy_cobblestone":28,"minecraft:birch_sapling":1,"minecraft:cobblestone":25,"minecraft:rotten_flesh":2,"minecraft:azure_bluet":1,"minecraft:bone":1},"minecraft:custom":{"minecraft:time_since_rest":37286,"minecraft:sprint_one_cm":60004,"minecraft:walk_one_cm":129657,"minecraft:damage_taken":3131,"minecraft:damage_absorbed":80,"minecraft:drop":15,"minecraft:damage_dealt":192,"minecraft:fly_one_cm":150282,"minecraft:open_chest":9,"minecraft:crouch_one_cm":6051,"minecraft:play_time":85869,"minecraft:deaths":5,"minecraft:sneak_time":2688,"minecraft:jump":688,"minecraft:leave_game":8,"minecraft:time_since_death":3673,"minecraft:total_world_time":85869,"minecraft:fall_one_cm":20251}},"DataVersion":3465}