{"stats":{"minecraft:custom":{"minecraft:mob_kills":5,"minecraft:interact_with_crafting_table":3,"minecraft:leave_game":20,"minecraft:time_since_death":3065,"minecraft:climb_one_cm":8093,"minecraft:time_since_rest":3100,"minecraft:damage_absorbed":80,"minecraft:sprint_one_cm":218692,"minecraft:damage_taken":10742,"minecraft:walk_one_cm":363520,"minecraft:drop":50,"minecraft:damage_dealt":1441,"minecraft:swim_one_cm":8033,"minecraft:fly_one_cm":680657,"minecraft:open_chest":11,"minecraft:crouch_one_cm":19063,"minecraft:play_time":201626,"minecraft:deaths":16,"minecraft:sneak_time":11065,"minecraft:walk_under_water_one_cm":9486,"minecraft:jump":2662,"minecraft:walk_on_water_one_cm":4190,"minecraft:total_world_time":201626,"minecraft:fall_one_cm":82765},"minecraft:used":{"minecraft:moss_block":83,"minecraft:netherite_sword":15,"minecraft:rose_bush":1,"minecraft:stone_pickaxe":10,"minecraft:baked_potato":7,"minecraft:ender_pearl":1,"minecraft:spruce_planks":8,"minecraft:wooden_pickaxe":8,"minecraft:stone":206,"minecraft:rotten_flesh":2,"bloomingnature:swamp_oak_log":1,"minecraft:mossy_cobblestone":40,"minecraft:dirt":66,"minecraft:vine":107,"minecraft:crafting_table":2,"bloomingnature:hyssop":1,"minecraft:azure_bluet":1,"minecraft:oak_log":4,"bloomingnature:bluebell":1,"minecraft:apple":1,"minecraft:iron_pickaxe":190,"minecraft:rooted_dirt":3,"minecraft:grass_block":1,"minecraft:oak_button":3,"minecraft:birch_sapling":1,"minecraft:totem_of_undying":1,"minecraft:lilac":2,"minecraft:stone_axe":29,"bloomingnature:amaryllis":1,"minecraft:cobblestone":109,"minecraft:oak_sapling":8,"minecraft:porkchop":2,"minecraft:stripped_oak_wood":1,"minecraft:cooked_porkchop":1,"minecraft:coarse_dirt":2,"minecraft:andesite":75,"minecraft:egg":1,"minecraft:cobbled_deepslate":44},"minecraft:killed_by":{"minecraft:player":6,"minecraft:spider":1,"minecraft:phantom":1,"minecraft:zombie":3},"minecraft:killed":{"minecraft:pig":1,"minecraft:spider":1,"minecraft:zombie":1,"minecraft:bee":1,"minecraft:enderman":1},"minecraft:picked_up":{"minecraft:stripped_oak_log":4,"minecraft:crafting_table":2,"minecraft:coarse_dirt":2,"minecraft:azure_bluet":3,"minecraft:lilac":2,"minecraft:andesite":82,"bloomingnature:tall_lupine_purple":1,"minecraft:oak_log":11,"minecraft:gunpowder":2,"minecraft:dirt":74,"minecraft:bone":1,"bloomingnature:bluebell":7,"minecraft:apple":1,"minecraft:wheat_seeds":47,"minecraft:cobbled_deepslate":79,"minecraft:netherite_sword":1,"minecraft:rose_bush":2,"minecraft:stripped_oak_wood":1,"minecraft:iron_pickaxe":2,"minecraft:moss_block":85,"minecraft:birch_sapling":3,"minecraft:egg":1,"minecraft:stick":9,"minecraft:stone":64,"minecraft:cooked_porkchop":1,"bloomingnature:amaryllis":17,"minecraft:porkchop":4,"minecraft:spruce_sapling":1,"bloomingnature:hyssop":2,"minecraft:vine":107,"minecraft:spruce_log":2,"minecraft:lily_of_the_valley":4,"minecraft:mossy_cobblestone":149,"minecraft:andesite_wall":3,"minecraft:arrow":1,"minecraft:rotten_flesh":4,"bloomingnature:swamp_oak_log":2,"minecraft:totem_of_undying":1,"minecraft:oak_button":2,"minecraft:rooted_dirt":3,"minecraft:baked_potato":9,"minecraft:oak_sapling":22,"minecraft:cobblestone":215,"minecraft:ender_pearl":1},"minecraft:crafted":{"minecraft:oak_planks":40,"minecraft:crafting_table":1,"minecraft:spruce_planks":8,"minecraft:wooden_pickaxe":1,"minecraft:stone_axe":1,"minecraft:stick":8,"minecraft:stone_pickaxe":1,"minecraft:oak_button":1},"minecraft:mined":{"minecraft:podzol":2,"minecraft:oak_sapling":1,"minecraft:mossy_cobblestone":29,"minecraft:lily_of_the_valley":7,"bloomingnature:hyssop":2,"minecraft:crafting_table":2,"minecraft:grass_block":26,"minecraft:rose_bush":2,"minecraft:andesite_wall":3,"minecraft:tall_grass":33,"minecraft:cobblestone":55,"minecraft:spruce_leaves":22,"bloomingnature:amaryllis":19,"minecraft:moss_block":19,"minecraft:rooted_dirt":3,"minecraft:large_fern":64,"minecraft:coarse_dirt":1,"bloomingnature:swamp_oak_log":1,"minecraft:cobbled_deepslate":16,"minecraft:lilac":4,"minecraft:spruce_log":2,"minecraft:birch_leaves":3,"minecraft:andesite":19,"minecraft:stripped_oak_wood":1,"minecraft:azure_bluet":3,"bloomingnature:swamp_oak_leaves":3,"minecraft:grass":268,"minecraft:oak_log":11,"bloomingnature:tall_lupine_purple":1,"minecraft:dirt":16,"minecraft:stripped_oak_log":4,"bloomingnature:mossgrass":2,"minecraft:oak_button":2,"minecraft:stone":80,"bloomingnature:bluebell":4,"minecraft:oak_leaves":62,"minecraft:fern":72},"minecraft:dropped":{"minecraft:moss_block":1,"minecraft:porkchop":1,"minecraft:wheat_seeds":13,"minecraft:oak_log":1,"minecraft:cobbled_deepslate":9,"minecraft:mossy_cobblestone":47,"minecraft:birch_sapling":2,"minecraft:cobblestone":59,"minecraft:rotten_flesh":2,"minecraft:andesite_wall":3,"bloomingnature:hyssop":1,"minecraft:azure_bluet":1,"minecraft:grass_block":1,"minecraft:dirt":3,"bloomingnature:amaryllis":4,"bloomingnature:swamp_oak_log":1,"bloomingnature:tall_lupine_purple":1,"minecraft:andesite":7,"minecraft:oak_sapling":2,"minecraft:wooden_pickaxe":1,"bloomingnature:bluebell":6,"minecraft:spruce_sapling":1,"minecraft:bone":1}},"DataVersion":3465}