{"stats":{"minecraft:custom":{"minecraft:mob_kills":4,"minecraft:leave_game":18,"minecraft:time_since_death":1650,"minecraft:climb_one_cm":5079,"minecraft:time_since_rest":1675,"minecraft:walk_one_cm":308825,"minecraft:sprint_one_cm":169051,"minecraft:damage_taken":10422,"minecraft:damage_absorbed":80,"minecraft:drop":42,"minecraft:damage_dealt":1249,"minecraft:swim_one_cm":1350,"minecraft:fly_one_cm":544920,"minecraft:open_chest":11,"minecraft:crouch_one_cm":17331,"minecraft:play_time":178152,"minecraft:deaths":13,"minecraft:sneak_time":10070,"minecraft:walk_under_water_one_cm":4400,"minecraft:jump":2083,"minecraft:walk_on_water_one_cm":3579,"minecraft:total_world_time":178152,"minecraft:fall_one_cm":66936},"minecraft:dropped":{"minecraft:moss_block":1,"minecraft:wheat_seeds":10,"minecraft:oak_log":1,"minecraft:cobbled_deepslate":9,"minecraft:mossy_cobblestone":47,"minecraft:birch_sapling":2,"minecraft:cobblestone":58,"minecraft:rotten_flesh":2,"minecraft:andesite_wall":3,"bloomingnature:hyssop":1,"minecraft:azure_bluet":1,"minecraft:grass_block":1,"minecraft:dirt":3,"bloomingnature:amaryllis":4,"bloomingnature:swamp_oak_log":1,"minecraft:andesite":7,"minecraft:oak_sapling":1,"bloomingnature:bluebell":6,"minecraft:bone":1},"minecraft:picked_up":{"minecraft:stripped_oak_log":4,"minecraft:coarse_dirt":1,"minecraft:azure_bluet":2,"minecraft:andesite":82,"minecraft:oak_log":6,"minecraft:gunpowder":2,"minecraft:dirt":63,"minecraft:bone":1,"bloomingnature:bluebell":7,"minecraft:apple":1,"minecraft:wheat_seeds":44,"minecraft:cobbled_deepslate":79,"minecraft:netherite_sword":1,"minecraft:rose_bush":1,"minecraft:iron_pickaxe":2,"minecraft:moss_block":85,"minecraft:birch_sapling":3,"minecraft:egg":1,"minecraft:stick":9,"minecraft:stone":64,"minecraft:cooked_porkchop":1,"bloomingnature:amaryllis":17,"bloomingnature:hyssop":2,"minecraft:spruce_log":2,"minecraft:vine":107,"minecraft:lily_of_the_valley":4,"minecraft:mossy_cobblestone":149,"minecraft:andesite_wall":3,"minecraft:arrow":1,"minecraft:rotten_flesh":4,"bloomingnature:swamp_oak_log":2,"minecraft:totem_of_undying":1,"minecraft:baked_potato":9,"minecraft:rooted_dirt":1,"minecraft:oak_sapling":20,"minecraft:cobblestone":198,"minecraft:ender_pearl":1},"minecraft:mined":{"minecraft:podzol":1,"minecraft:oak_sapling":1,"minecraft:mossy_cobblestone":29,"minecraft:lily_of_the_valley":7,"bloomingnature:hyssop":2,"minecraft:grass_block":18,"minecraft:rose_bush":1,"minecraft:andesite_wall":3,"minecraft:tall_grass":30,"minecraft:cobblestone":52,"minecraft:spruce_leaves":6,"bloomingnature:amaryllis":19,"minecraft:moss_block":19,"minecraft:rooted_dirt":1,"minecraft:large_fern":48,"bloomingnature:swamp_oak_log":1,"minecraft:cobbled_deepslate":16,"minecraft:birch_leaves":3,"minecraft:spruce_log":2,"minecraft:andesite":19,"minecraft:azure_bluet":2,"bloomingnature:swamp_oak_leaves":3,"minecraft:grass":242,"minecraft:oak_log":5,"minecraft:dirt":13,"minecraft:stripped_oak_log":4,"bloomingnature:bluebell":4,"minecraft:stone":67,"minecraft:oak_leaves":54,"minecraft:fern":63},"minecraft:killed":{"minecraft:spider":1,"minecraft:zombie":1,"minecraft:bee":1,"minecraft:enderman":1},"minecraft:killed_by":{"minecraft:player":6,"minecraft:spider":1,"minecraft:phantom":1,"minecraft:zombie":3},"minecraft:used":{"minecraft:moss_block":83,"minecraft:netherite_sword":15,"minecraft:baked_potato":7,"minecraft:ender_pearl":1,"minecraft:spruce_planks":8,"minecraft:stone":206,"minecraft:rotten_flesh":2,"bloomingnature:swamp_oak_log":1,"minecraft:mossy_cobblestone":40,"minecraft:dirt":55,"minecraft:vine":107,"bloomingnature:hyssop":1,"minecraft:oak_log":3,"bloomingnature:bluebell":1,"minecraft:apple":1,"minecraft:grass_block":1,"minecraft:rooted_dirt":1,"minecraft:iron_pickaxe":190,"minecraft:birch_sapling":1,"minecraft:totem_of_undying":1,"bloomingnature:amaryllis":1,"minecraft:cobblestone":99,"minecraft:oak_sapling":7,"minecraft:cooked_porkchop":1,"minecraft:andesite":75,"minecraft:egg":1,"minecraft:coarse_dirt":1,"minecraft:cobbled_deepslate":44},"minecraft:crafted":{"minecraft:oak_planks":24,"minecraft:spruce_planks":8}},"DataVersion":3465}