{"stats":{"minecraft:killed_by":{"minecraft:player":5,"minecraft:spider":1,"minecraft:phantom":1,"minecraft:zombie":3},"minecraft:mined":{"minecraft:podzol":1,"minecraft:mossy_cobblestone":9,"minecraft:grass_block":5,"minecraft:tall_grass":20,"minecraft:cobblestone":40,"minecraft:spruce_leaves":6,"bloomingnature:amaryllis":15,"minecraft:moss_block":2,"minecraft:rooted_dirt":1,"minecraft:large_fern":27,"bloomingnature:swamp_oak_log":1,"minecraft:cobbled_deepslate":6,"minecraft:spruce_log":2,"minecraft:andesite":12,"minecraft:azure_bluet":2,"bloomingnature:swamp_oak_leaves":3,"minecraft:grass":152,"minecraft:oak_log":5,"minecraft:dirt":5,"minecraft:stone":44,"minecraft:oak_leaves":33,"minecraft:fern":38},"minecraft:used":{"minecraft:moss_block":69,"minecraft:netherite_sword":15,"minecraft:ender_pearl":1,"minecraft:spruce_planks":8,"minecraft:stone":206,"minecraft:rotten_flesh":2,"bloomingnature:swamp_oak_log":1,"minecraft:mossy_cobblestone":40,"minecraft:dirt":38,"minecraft:vine":107,"minecraft:oak_log":3,"minecraft:apple":1,"minecraft:grass_block":1,"minecraft:rooted_dirt":1,"minecraft:iron_pickaxe":115,"minecraft:birch_sapling":1,"minecraft:totem_of_undying":1,"bloomingnature:amaryllis":1,"minecraft:cobblestone":99,"minecraft:oak_sapling":3,"minecraft:andesite":75,"minecraft:egg":1,"minecraft:coarse_dirt":1,"minecraft:cobbled_deepslate":44},"minecraft:crafted":{"minecraft:oak_planks":4,"minecraft:spruce_planks":8},"minecraft:killed":{"minecraft:spider":1,"minecraft:zombie":1,"minecraft:bee":1,"minecraft:enderman":1},"minecraft:picked_up":{"minecraft:coarse_dirt":1,"minecraft:azure_bluet":2,"minecraft:andesite":75,"minecraft:oak_log":6,"minecraft:gunpowder":2,"minecraft:dirt":41,"minecraft:bone":1,"minecraft:apple":1,"minecraft:wheat_seeds":36,"minecraft:cobbled_deepslate":70,"minecraft:netherite_sword":1,"minecraft:iron_pickaxe":1,"minecraft:moss_block":69,"minecraft:birch_sapling":3,"minecraft:egg":1,"minecraft:stick":9,"minecraft:stone":64,"bloomingnature:amaryllis":13,"minecraft:spruce_log":2,"minecraft:vine":107,"minecraft:mossy_cobblestone":130,"minecraft:arrow":1,"minecraft:rotten_flesh":4,"bloomingnature:swamp_oak_log":2,"minecraft:totem_of_undying":1,"minecraft:rooted_dirt":1,"minecraft:oak_sapling":15,"minecraft:cobblestone":165,"minecraft:ender_pearl":1},"minecraft:dropped":{"minecraft:wheat_seeds":6,"minecraft:oak_log":1,"minecraft:mossy_cobblestone":28,"minecraft:birch_sapling":2,"minecraft:cobblestone":25,"minecraft:rotten_flesh":2,"minecraft:azure_bluet":1,"bloomingnature:amaryllis":2,"bloomingnature:swamp_oak_log":1,"minecraft:bone":1},"minecraft:custom":{"minecraft:mob_kills":4,"minecraft:leave_game":14,"minecraft:time_since_death":3358,"minecraft:climb_one_cm":1116,"minecraft:time_since_rest":3390,"minecraft:walk_one_cm":221583,"minecraft:sprint_one_cm":104029,"minecraft:damage_taken":6427,"minecraft:damage_absorbed":80,"minecraft:drop":18,"minecraft:damage_dealt":1231,"minecraft:swim_one_cm":304,"minecraft:fly_one_cm":409407,"minecraft:open_chest":11,"minecraft:crouch_one_cm":9112,"minecraft:play_time":139106,"minecraft:deaths":10,"minecraft:sneak_time":6634,"minecraft:walk_under_water_one_cm":3501,"minecraft:jump":1398,"minecraft:walk_on_water_one_cm":2586,"minecraft:total_world_time":139106,"minecraft:fall_one_cm":40105}},"DataVersion":3465}