{"stats":{"minecraft:killed_by":{"minecraft:player":3},"minecraft:mined":{"minecraft:large_fern":5,"minecraft:podzol":1,"minecraft:spruce_log":2,"minecraft:azure_bluet":2,"minecraft:grass":51,"minecraft:grass_block":1,"minecraft:oak_log":1,"minecraft:dirt":2,"minecraft:tall_grass":6,"minecraft:spruce_leaves":6,"bloomingnature:amaryllis":7,"minecraft:fern":17},"minecraft:used":{"minecraft:oak_log":1,"minecraft:spruce_planks":8,"minecraft:stone":30,"minecraft:totem_of_undying":1,"bloomingnature:amaryllis":1,"minecraft:dirt":19,"minecraft:egg":1},"minecraft:crafted":{"minecraft:spruce_planks":8},"minecraft:picked_up":{"minecraft:stick":8,"minecraft:azure_bluet":2,"minecraft:stone":64,"bloomingnature:amaryllis":6,"minecraft:oak_log":1,"minecraft:spruce_log":2,"minecraft:dirt":19,"minecraft:mossy_cobblestone":64,"minecraft:rotten_flesh":4,"minecraft:wheat_seeds":18,"minecraft:cobbled_deepslate":64,"minecraft:totem_of_undying":1,"minecraft:oak_sapling":8,"minecraft:birch_sapling":2,"minecraft:cobblestone":64,"minecraft:egg":1},"minecraft:dropped":{"minecraft:wheat_seeds":6,"minecraft:birch_sapling":1,"minecraft:rotten_flesh":2,"minecraft:azure_bluet":1},"minecraft:custom":{"minecraft:time_since_rest":6873,"minecraft:sprint_one_cm":40597,"minecraft:walk_one_cm":47808,"minecraft:damage_taken":2501,"minecraft:damage_absorbed":80,"minecraft:drop":10,"minecraft:damage_dealt":183,"minecraft:fly_one_cm":98023,"minecraft:crouch_one_cm":1865,"minecraft:play_time":25869,"minecraft:deaths":3,"minecraft:sneak_time":1304,"minecraft:jump":466,"minecraft:leave_game":8,"minecraft:time_since_death":6834,"minecraft:total_world_time":25869,"minecraft:fall_one_cm":15333}},"DataVersion":3465}