{"stats":{"minecraft:killed_by":{"minecraft:player":3,"minecraft:zombie":2},"minecraft:mined":{"minecraft:large_fern":25,"minecraft:podzol":1,"bloomingnature:swamp_oak_log":1,"minecraft:mossy_cobblestone":4,"minecraft:cobbled_deepslate":2,"minecraft:spruce_log":2,"minecraft:andesite":7,"minecraft:azure_bluet":2,"minecraft:grass":138,"minecraft:grass_block":3,"minecraft:oak_log":2,"minecraft:dirt":5,"minecraft:tall_grass":18,"minecraft:cobblestone":33,"minecraft:stone":29,"minecraft:spruce_leaves":6,"bloomingnature:amaryllis":7,"minecraft:oak_leaves":25,"minecraft:fern":34},"minecraft:used":{"minecraft:oak_log":1,"minecraft:iron_pickaxe":79,"minecraft:spruce_planks":8,"minecraft:stone":192,"minecraft:totem_of_undying":1,"minecraft:rotten_flesh":2,"bloomingnature:amaryllis":1,"minecraft:mossy_cobblestone":28,"minecraft:dirt":21,"minecraft:cobblestone":87,"minecraft:andesite":59,"minecraft:egg":1,"minecraft:cobbled_deepslate":26},"minecraft:crafted":{"minecraft:spruce_planks":8},"minecraft:picked_up":{"minecraft:stick":9,"minecraft:azure_bluet":2,"minecraft:stone":64,"minecraft:andesite":70,"bloomingnature:amaryllis":6,"minecraft:oak_log":2,"minecraft:spruce_log":2,"minecraft:dirt":24,"minecraft:mossy_cobblestone":68,"minecraft:arrow":1,"minecraft:bone":1,"minecraft:rotten_flesh":4,"minecraft:apple":1,"minecraft:wheat_seeds":32,"bloomingnature:swamp_oak_log":1,"minecraft:cobbled_deepslate":66,"minecraft:netherite_sword":1,"minecraft:totem_of_undying":1,"minecraft:iron_pickaxe":1,"minecraft:oak_sapling":15,"minecraft:birch_sapling":3,"minecraft:cobblestone":124,"minecraft:egg":1},"minecraft:dropped":{"minecraft:wheat_seeds":6,"minecraft:birch_sapling":1,"minecraft:rotten_flesh":2,"minecraft:azure_bluet":1,"minecraft:bone":1},"minecraft:custom":{"minecraft:time_since_rest":13286,"minecraft:sprint_one_cm":55339,"minecraft:walk_one_cm":115153,"minecraft:damage_taken":3041,"minecraft:damage_absorbed":80,"minecraft:drop":11,"minecraft:damage_dealt":192,"minecraft:fly_one_cm":123171,"minecraft:open_chest":3,"minecraft:crouch_one_cm":4046,"minecraft:play_time":61869,"minecraft:deaths":5,"minecraft:sneak_time":2133,"minecraft:jump":623,"minecraft:leave_game":8,"minecraft:time_since_death":0,"minecraft:total_world_time":61869,"minecraft:fall_one_cm":17576}},"DataVersion":3465}