{"stats":{"minecraft:custom":{"minecraft:jump":28,"minecraft:time_since_rest":1226,"minecraft:sprint_one_cm":1783,"minecraft:leave_game":4,"minecraft:play_time":1226,"minecraft:damage_taken":20,"minecraft:time_since_death":1226,"minecraft:walk_one_cm":976,"minecraft:sneak_time":14,"minecraft:total_world_time":1226,"minecraft:fall_one_cm":1947,"minecraft:fly_one_cm":8663},"minecraft:picked_up":{"minecraft:wheat_seeds":1},"minecraft:mined":{"minecraft:large_fern":5,"minecraft:grass":2,"minecraft:grass_block":1,"minecraft:fern":7}},"DataVersion":3465}