{"stats":{"minecraft:used":{"minecraft:water_bucket":5,"minecraft:netherite_sword":1,"minecraft:flint_and_steel":12,"minecraft:grass_block":46,"basicweapons:stone_club":5,"basicweapons:netherite_club":3,"basicweapons:stone_spear":4,"minecraft:diamond_sword":7,"minecraft:dirt":48,"minecraft:cobblestone":58,"basicweapons:diamond_hammer":16,"minecraft:bucket":2},"minecraft:killed":{"minecraft:skeleton":1,"minecraft:zombie":2},"minecraft:picked_up":{"minecraft:stick":12,"minecraft:coarse_dirt":2,"minecraft:azure_bluet":5,"minecraft:dandelion":2,"basicweapons:netherite_club":1,"minecraft:string":2,"minecraft:dirt":13,"minecraft:mossy_cobblestone":128,"minecraft:arrow":3,"minecraft:bone":2,"minecraft:rotten_flesh":5,"minecraft:apple":1,"minecraft:wheat_seeds":20,"minecraft:cobbled_deepslate":64,"minecraft:rose_bush":2,"minecraft:totem_of_undying":1,"minecraft:rooted_dirt":1,"minecraft:oak_sapling":19,"minecraft:birch_sapling":6,"minecraft:cobblestone":64},"minecraft:dropped":{"minecraft:stone":64,"minecraft:cobbled_deepslate":128,"minecraft:mossy_cobblestone":192,"minecraft:cobblestone":128,"minecraft:totem_of_undying":2,"basicweapons:netherite_club":1,"minecraft:stick":2},"minecraft:custom":{"minecraft:time_since_rest":35461,"minecraft:sprint_one_cm":40541,"minecraft:walk_one_cm":21488,"minecraft:mob_kills":5,"minecraft:drop":13,"minecraft:damage_dealt":1647,"minecraft:swim_one_cm":2438,"minecraft:player_kills":3,"minecraft:fly_one_cm":339420,"minecraft:crouch_one_cm":2512,"minecraft:play_time":35461,"minecraft:walk_under_water_one_cm":1447,"minecraft:sneak_time":1486,"minecraft:jump":280,"minecraft:leave_game":10,"minecraft:time_since_death":35461,"minecraft:walk_on_water_one_cm":1170,"minecraft:total_world_time":35461}},"DataVersion":3465}