{"stats":{"minecraft:custom":{"minecraft:mob_kills":18,"minecraft:interact_with_campfire":11,"minecraft:leave_game":18,"minecraft:time_since_death":739444,"minecraft:climb_one_cm":28651,"minecraft:time_since_rest":739444,"minecraft:sprint_one_cm":324090,"minecraft:damage_taken":98,"minecraft:walk_one_cm":492764,"minecraft:drop":110,"minecraft:damage_dealt":4487,"minecraft:swim_one_cm":6210,"minecraft:fly_one_cm":3461101,"minecraft:player_kills":6,"minecraft:open_chest":8,"minecraft:crouch_one_cm":99183,"minecraft:play_time":739444,"minecraft:sneak_time":39424,"minecraft:walk_under_water_one_cm":7942,"minecraft:jump":3067,"minecraft:walk_on_water_one_cm":10619,"minecraft:total_world_time":739444,"minecraft:fall_one_cm":756},"minecraft:used":{"minecraft:cobbled_deepslate_wall":24,"minecraft:oak_fence":18,"minecraft:moss_block":39,"minecraft:water_bucket":29,"minecraft:netherite_sword":48,"minecraft:iron_bars":25,"minecraft:flint_and_steel":607,"shineals_prehistoric_expansion:mammoth_spawn_egg":1,"minecraft:birch_leaves":2,"minecraft:spruce_slab":18,"minecraft:redstone":110,"minecraft:netherite_chestplate":1,"minecraft:ladder":109,"minecraft:oak_sign":11,"minecraft:chest":6,"minecraft:stone":1260,"shineals_prehistoric_expansion:jaekelopterus_spawn_egg":2,"minecraft:cobblestone_slab":73,"minecraft:grass":1,"minecraft:spruce_leaves":18,"minecraft:dirt":851,"basicweapons:stone_spear":4,"minecraft:diamond_block":1,"minecraft:oak_leaves":159,"minecraft:torch":1,"minecraft:mossy_cobblestone":146,"minecraft:oak_slab":8,"basicweapons:diamond_hammer":16,"minecraft:netherite_leggings":1,"minecraft:tnt":47,"minecraft:campfire":165,"minecraft:oak_wood":426,"minecraft:yellow_concrete":21,"minecraft:netherite_helmet":1,"minecraft:spruce_fence":135,"bloomingnature:swamp_oak_leaves":9,"minecraft:fern":16,"minecraft:andesite_wall":13,"minecraft:oak_log":166,"minecraft:light":578,"minecraft:lava_bucket":12,"minecraft:command_block":74,"minecraft:lantern":58,"basicweapons:stone_club":5,"minecraft:grass_block":1205,"minecraft:rooted_dirt":158,"minecraft:barrier":26,"minecraft:oak_button":28,"minecraft:red_terracotta":81,"minecraft:spruce_trapdoor":179,"minecraft:deepslate":1032,"basicweapons:netherite_club":3,"minecraft:bedrock":69,"minecraft:netherite_boots":1,"minecraft:repeater":2,"minecraft:diamond_sword":7,"minecraft:cobblestone":592,"minecraft:azalea_leaves":36,"minecraft:cobbled_deepslate_slab":178,"minecraft:hay_block":66,"minecraft:emerald_block":10,"minecraft:stripped_oak_wood":137,"minecraft:andesite":96,"shineals_prehistoric_expansion:therizinosaurus_spawn_egg":1,"minecraft:bucket":2,"minecraft:gold_block":379,"basicweapons:golden_hammer":9,"minecraft:coarse_dirt":600,"immersive_aircraft:biplane":1,"minecraft:cobbled_deepslate":169,"minecraft:orange_terracotta":101,"minecraft:enchanted_golden_apple":1,"minecraft:large_fern":40,"minecraft:stripped_spruce_wood":351},"minecraft:killed":{"shineals_prehistoric_expansion:therizinosaurus":1,"minecraft:spider":1,"shineals_prehistoric_expansion:jaekelopterus":2,"minecraft:creeper":1,"minecraft:skeleton":1,"minecraft:zombie":9,"shineals_prehistoric_expansion:mammoth":1},"minecraft:picked_up":{"minecraft:charcoal":2,"minecraft:coarse_dirt":2,"minecraft:azure_bluet":5,"minecraft:ladder":1,"minecraft:andesite":1731,"basicweapons:netherite_club":1,"minecraft:cooked_rabbit":3,"minecraft:oak_log":20,"minecraft:gunpowder":2,"minecraft:dirt":110,"minecraft:string":2,"minecraft:lantern":1,"minecraft:bone":3,"bloomingnature:bluebell":3,"bloomingnature:swamp_oak_sapling":1,"minecraft:apple":4,"minecraft:wheat_seeds":50,"minecraft:cobbled_deepslate_wall":2,"minecraft:cobbled_deepslate":1801,"minecraft:rose_bush":3,"minecraft:enchanted_golden_apple":1,"minecraft:spruce_slab":1,"minecraft:poppy":4,"minecraft:rabbit":5,"minecraft:moss_block":2,"minecraft:birch_sapling":7,"minecraft:stick":31,"minecraft:stone":1651,"minecraft:cooked_porkchop":2,"minecraft:dandelion":7,"bloomingnature:amaryllis":7,"bloomingnature:hyssop":2,"minecraft:grass_block":1,"minecraft:vine":88,"minecraft:lily_of_the_valley":1,"minecraft:redstone":6,"shineals_prehistoric_expansion:anomalocaris_spawn_egg":1,"minecraft:mossy_cobblestone":1837,"minecraft:andesite_wall":1,"minecraft:arrow":3,"minecraft:rotten_flesh":17,"bloomingnature:swamp_oak_log":1,"minecraft:scute":65,"minecraft:totem_of_undying":1,"minecraft:oak_button":2,"minecraft:rooted_dirt":8,"minecraft:oak_sapling":44,"minecraft:cobblestone":1899},"minecraft:mined":{"minecraft:grass_block":3,"minecraft:campfire":1,"minecraft:dirt":3},"minecraft:dropped":{"minecraft:vine":195,"minecraft:moss_block":64,"minecraft:baked_potato":9,"minecraft:cobbled_deepslate":128,"minecraft:mossy_cobblestone":192,"minecraft:netherite_sword":1,"minecraft:cobblestone":128,"minecraft:scute":65,"minecraft:enchanted_golden_apple":1,"bloomingnature:hyssop":1,"minecraft:totem_of_undying":2,"minecraft:grass_block":1,"basicweapons:netherite_club":1,"minecraft:stick":2,"minecraft:dirt":1,"minecraft:stone":129,"shineals_prehistoric_expansion:anomalocaris_spawn_egg":1,"minecraft:andesite":64,"minecraft:spruce_slab":1,"minecraft:iron_pickaxe":2,"minecraft:red_tulip":1,"minecraft:dandelion":1}},"DataVersion":3465}