{"stats":{"minecraft:dropped":{"minecraft:vine":195,"minecraft:moss_block":64,"minecraft:cobbled_deepslate":128,"minecraft:mossy_cobblestone":192,"minecraft:netherite_sword":1,"minecraft:cobblestone":128,"minecraft:scute":65,"minecraft:enchanted_golden_apple":1,"minecraft:totem_of_undying":2,"basicweapons:netherite_club":1,"minecraft:stick":2,"minecraft:stone":129,"shineals_prehistoric_expansion:anomalocaris_spawn_egg":1,"minecraft:andesite":64,"minecraft:spruce_slab":1,"minecraft:iron_pickaxe":1,"minecraft:red_tulip":1,"minecraft:dandelion":1},"minecraft:custom":{"minecraft:mob_kills":13,"minecraft:leave_game":11,"minecraft:time_since_death":545337,"minecraft:climb_one_cm":19955,"minecraft:time_since_rest":545337,"minecraft:sprint_one_cm":232854,"minecraft:walk_one_cm":360611,"minecraft:drop":97,"minecraft:damage_dealt":3006,"minecraft:swim_one_cm":6210,"minecraft:fly_one_cm":2518713,"minecraft:player_kills":5,"minecraft:open_chest":8,"minecraft:crouch_one_cm":66928,"minecraft:play_time":545337,"minecraft:sneak_time":28638,"minecraft:walk_under_water_one_cm":7942,"minecraft:jump":2292,"minecraft:walk_on_water_one_cm":10619,"minecraft:total_world_time":545337},"minecraft:picked_up":{"minecraft:coarse_dirt":2,"minecraft:azure_bluet":5,"minecraft:ladder":1,"minecraft:andesite":1729,"basicweapons:netherite_club":1,"minecraft:gunpowder":2,"minecraft:dirt":13,"minecraft:string":2,"minecraft:bone":3,"bloomingnature:swamp_oak_sapling":1,"minecraft:apple":4,"minecraft:wheat_seeds":46,"minecraft:cobbled_deepslate":1792,"minecraft:rose_bush":2,"minecraft:poppy":4,"minecraft:spruce_slab":1,"minecraft:enchanted_golden_apple":1,"minecraft:birch_sapling":7,"minecraft:stick":21,"minecraft:stone":1651,"minecraft:dandelion":7,"bloomingnature:amaryllis":6,"minecraft:vine":88,"shineals_prehistoric_expansion:anomalocaris_spawn_egg":1,"minecraft:mossy_cobblestone":1827,"minecraft:arrow":3,"minecraft:rotten_flesh":15,"minecraft:scute":65,"minecraft:totem_of_undying":1,"minecraft:oak_button":2,"minecraft:rooted_dirt":1,"minecraft:oak_sapling":43,"minecraft:cobblestone":1794},"minecraft:killed":{"minecraft:spider":1,"minecraft:creeper":1,"minecraft:skeleton":1,"minecraft:zombie":8},"minecraft:used":{"minecraft:cobbled_deepslate_wall":24,"minecraft:oak_fence":18,"minecraft:moss_block":39,"minecraft:water_bucket":29,"minecraft:netherite_sword":23,"minecraft:flint_and_steel":569,"minecraft:birch_leaves":2,"minecraft:spruce_slab":18,"minecraft:ladder":109,"minecraft:chest":6,"minecraft:stone":1258,"minecraft:cobblestone_slab":73,"minecraft:grass":1,"minecraft:oak_leaves":156,"minecraft:torch":1,"minecraft:spruce_leaves":18,"basicweapons:stone_spear":4,"minecraft:mossy_cobblestone":144,"minecraft:diamond_block":1,"minecraft:dirt":747,"minecraft:oak_slab":8,"basicweapons:diamond_hammer":16,"minecraft:yellow_concrete":21,"minecraft:campfire":162,"minecraft:oak_wood":426,"minecraft:spruce_fence":86,"bloomingnature:swamp_oak_leaves":9,"minecraft:andesite_wall":13,"minecraft:oak_log":166,"minecraft:light":364,"minecraft:lava_bucket":12,"minecraft:command_block":1,"minecraft:lantern":40,"minecraft:grass_block":674,"basicweapons:stone_club":5,"minecraft:rooted_dirt":150,"minecraft:barrier":26,"minecraft:oak_button":3,"minecraft:red_terracotta":81,"minecraft:spruce_trapdoor":172,"minecraft:deepslate":1032,"basicweapons:netherite_club":3,"minecraft:diamond_sword":7,"minecraft:cobblestone":592,"minecraft:azalea_leaves":36,"minecraft:hay_block":66,"minecraft:emerald_block":10,"minecraft:cobbled_deepslate_slab":169,"minecraft:stripped_oak_wood":112,"minecraft:andesite":96,"minecraft:bucket":2,"minecraft:gold_block":379,"immersive_aircraft:biplane":1,"minecraft:coarse_dirt":561,"minecraft:cobbled_deepslate":169,"minecraft:orange_terracotta":101,"minecraft:stripped_spruce_wood":351}},"DataVersion":3465}