{"stats":{"minecraft:dropped":{"minecraft:vine":195,"minecraft:moss_block":64,"minecraft:cobbled_deepslate":128,"minecraft:mossy_cobblestone":192,"minecraft:netherite_sword":1,"minecraft:cobblestone":128,"minecraft:scute":65,"minecraft:enchanted_golden_apple":1,"minecraft:totem_of_undying":2,"basicweapons:netherite_club":1,"minecraft:stick":2,"minecraft:stone":129,"shineals_prehistoric_expansion:anomalocaris_spawn_egg":1,"minecraft:andesite":64,"minecraft:iron_pickaxe":1,"minecraft:red_tulip":1,"minecraft:dandelion":1},"minecraft:custom":{"minecraft:mob_kills":13,"minecraft:leave_game":11,"minecraft:time_since_death":521337,"minecraft:climb_one_cm":19955,"minecraft:time_since_rest":521337,"minecraft:sprint_one_cm":215272,"minecraft:walk_one_cm":338145,"minecraft:drop":96,"minecraft:damage_dealt":3006,"minecraft:swim_one_cm":6210,"minecraft:fly_one_cm":2301781,"minecraft:player_kills":5,"minecraft:open_chest":8,"minecraft:crouch_one_cm":62497,"minecraft:play_time":521337,"minecraft:sneak_time":26574,"minecraft:walk_under_water_one_cm":7942,"minecraft:jump":2177,"minecraft:walk_on_water_one_cm":10619,"minecraft:total_world_time":521337},"minecraft:picked_up":{"minecraft:coarse_dirt":2,"minecraft:azure_bluet":5,"minecraft:ladder":1,"minecraft:andesite":1729,"basicweapons:netherite_club":1,"minecraft:gunpowder":2,"minecraft:dirt":13,"minecraft:string":2,"minecraft:bone":3,"bloomingnature:swamp_oak_sapling":1,"minecraft:apple":4,"minecraft:wheat_seeds":46,"minecraft:cobbled_deepslate":1792,"minecraft:rose_bush":2,"minecraft:poppy":4,"minecraft:enchanted_golden_apple":1,"minecraft:birch_sapling":7,"minecraft:stick":21,"minecraft:stone":1651,"minecraft:dandelion":7,"bloomingnature:amaryllis":6,"minecraft:vine":88,"shineals_prehistoric_expansion:anomalocaris_spawn_egg":1,"minecraft:mossy_cobblestone":1827,"minecraft:arrow":3,"minecraft:rotten_flesh":15,"minecraft:scute":65,"minecraft:totem_of_undying":1,"minecraft:oak_button":2,"minecraft:rooted_dirt":1,"minecraft:oak_sapling":43,"minecraft:cobblestone":1794},"minecraft:killed":{"minecraft:spider":1,"minecraft:creeper":1,"minecraft:skeleton":1,"minecraft:zombie":8},"minecraft:used":{"minecraft:cobbled_deepslate_wall":24,"minecraft:moss_block":39,"minecraft:water_bucket":29,"minecraft:netherite_sword":23,"minecraft:flint_and_steel":569,"minecraft:birch_leaves":2,"minecraft:ladder":109,"minecraft:chest":6,"minecraft:stone":1258,"minecraft:cobblestone_slab":73,"minecraft:grass":1,"minecraft:oak_leaves":135,"minecraft:spruce_leaves":18,"basicweapons:stone_spear":4,"minecraft:mossy_cobblestone":144,"minecraft:diamond_block":1,"minecraft:dirt":747,"basicweapons:diamond_hammer":16,"minecraft:yellow_concrete":21,"minecraft:campfire":156,"minecraft:oak_wood":426,"minecraft:spruce_fence":57,"bloomingnature:swamp_oak_leaves":9,"minecraft:andesite_wall":13,"minecraft:oak_log":166,"minecraft:light":20,"minecraft:lava_bucket":12,"minecraft:command_block":1,"minecraft:grass_block":672,"basicweapons:stone_club":5,"minecraft:rooted_dirt":104,"minecraft:barrier":26,"minecraft:oak_button":3,"minecraft:red_terracotta":81,"minecraft:spruce_trapdoor":154,"minecraft:deepslate":1025,"basicweapons:netherite_club":3,"minecraft:diamond_sword":7,"minecraft:cobblestone":592,"minecraft:azalea_leaves":36,"minecraft:hay_block":66,"minecraft:emerald_block":10,"minecraft:cobbled_deepslate_slab":169,"minecraft:andesite":96,"minecraft:bucket":2,"minecraft:gold_block":379,"immersive_aircraft:biplane":1,"minecraft:coarse_dirt":349,"minecraft:cobbled_deepslate":169,"minecraft:orange_terracotta":101,"minecraft:stripped_spruce_wood":313}},"DataVersion":3465}