{"stats":{"minecraft:used":{"basicweapons:stone_spear":4,"minecraft:diamond_sword":7,"minecraft:dirt":1,"basicweapons:stone_club":5,"minecraft:grass_block":1},"minecraft:picked_up":{"minecraft:wheat_seeds":1,"minecraft:totem_of_undying":1},"minecraft:dropped":{"minecraft:totem_of_undying":2},"minecraft:custom":{"minecraft:time_since_rest":16858,"minecraft:crouch_one_cm":233,"minecraft:sprint_one_cm":15003,"minecraft:play_time":16858,"minecraft:walk_one_cm":6268,"minecraft:sneak_time":279,"minecraft:walk_under_water_one_cm":1065,"minecraft:drop":2,"minecraft:jump":142,"minecraft:damage_dealt":705,"minecraft:leave_game":10,"minecraft:walk_on_water_one_cm":243,"minecraft:time_since_death":16858,"minecraft:total_world_time":16858,"minecraft:swim_one_cm":2438,"minecraft:fly_one_cm":253375,"minecraft:player_kills":2}},"DataVersion":3465}