{"stats":{"minecraft:used":{"minecraft:water_bucket":5,"minecraft:netherite_sword":5,"minecraft:command_block":1,"minecraft:flint_and_steel":12,"minecraft:grass_block":46,"basicweapons:stone_club":5,"minecraft:oak_button":2,"minecraft:chest":5,"minecraft:stone":69,"basicweapons:netherite_club":3,"minecraft:mossy_cobblestone":35,"basicweapons:stone_spear":4,"minecraft:diamond_sword":7,"minecraft:dirt":48,"minecraft:cobblestone":281,"basicweapons:diamond_hammer":16,"minecraft:andesite":3,"minecraft:bucket":2,"minecraft:cobbled_deepslate":41},"minecraft:killed":{"minecraft:skeleton":1,"minecraft:zombie":3},"minecraft:picked_up":{"minecraft:stick":16,"minecraft:coarse_dirt":2,"minecraft:stone":64,"minecraft:azure_bluet":5,"minecraft:andesite":1,"minecraft:dandelion":2,"basicweapons:netherite_club":1,"minecraft:string":2,"minecraft:dirt":13,"minecraft:mossy_cobblestone":128,"minecraft:arrow":3,"minecraft:bone":3,"minecraft:rotten_flesh":7,"minecraft:apple":3,"minecraft:wheat_seeds":22,"minecraft:cobbled_deepslate":64,"minecraft:rose_bush":2,"minecraft:totem_of_undying":1,"minecraft:oak_button":1,"minecraft:rooted_dirt":1,"minecraft:oak_sapling":30,"minecraft:birch_sapling":6,"minecraft:cobblestone":66},"minecraft:dropped":{"minecraft:stone":128,"minecraft:cobbled_deepslate":128,"minecraft:mossy_cobblestone":192,"minecraft:andesite":64,"minecraft:netherite_sword":1,"minecraft:cobblestone":128,"minecraft:iron_pickaxe":1,"minecraft:totem_of_undying":2,"basicweapons:netherite_club":1,"minecraft:stick":2},"minecraft:custom":{"minecraft:time_since_rest":47461,"minecraft:sprint_one_cm":50359,"minecraft:walk_one_cm":45556,"minecraft:mob_kills":6,"minecraft:drop":17,"minecraft:damage_dealt":1926,"minecraft:swim_one_cm":2438,"minecraft:player_kills":3,"minecraft:fly_one_cm":378150,"minecraft:open_chest":5,"minecraft:crouch_one_cm":3000,"minecraft:play_time":47461,"minecraft:walk_under_water_one_cm":1447,"minecraft:sneak_time":1804,"minecraft:jump":358,"minecraft:leave_game":10,"minecraft:time_since_death":47461,"minecraft:walk_on_water_one_cm":1170,"minecraft:total_world_time":47461}},"DataVersion":3465}