{"stats":{"minecraft:used":{"minecraft:cobbled_deepslate_wall":16,"minecraft:andesite_wall":13,"minecraft:oak_log":39,"minecraft:water_bucket":5,"minecraft:netherite_sword":5,"minecraft:light":20,"minecraft:command_block":1,"minecraft:flint_and_steel":12,"minecraft:grass_block":46,"basicweapons:stone_club":5,"minecraft:rooted_dirt":15,"minecraft:oak_button":3,"minecraft:chest":6,"minecraft:stone":235,"basicweapons:netherite_club":3,"minecraft:oak_leaves":35,"minecraft:mossy_cobblestone":144,"basicweapons:stone_spear":4,"minecraft:diamond_sword":7,"minecraft:dirt":48,"minecraft:cobblestone":499,"basicweapons:diamond_hammer":16,"minecraft:andesite":74,"minecraft:bucket":2,"minecraft:oak_wood":71,"minecraft:cobbled_deepslate":154,"bloomingnature:swamp_oak_leaves":9},"minecraft:killed":{"minecraft:skeleton":1,"minecraft:zombie":3},"minecraft:picked_up":{"minecraft:stick":18,"minecraft:coarse_dirt":2,"minecraft:stone":64,"minecraft:azure_bluet":5,"minecraft:andesite":1,"minecraft:dandelion":2,"basicweapons:netherite_club":1,"minecraft:string":2,"minecraft:dirt":13,"minecraft:mossy_cobblestone":128,"minecraft:arrow":3,"minecraft:bone":3,"minecraft:rotten_flesh":8,"minecraft:apple":3,"minecraft:wheat_seeds":24,"minecraft:cobbled_deepslate":64,"minecraft:rose_bush":2,"minecraft:totem_of_undying":1,"minecraft:oak_button":2,"minecraft:rooted_dirt":1,"minecraft:oak_sapling":30,"minecraft:birch_sapling":6,"minecraft:cobblestone":66},"minecraft:dropped":{"minecraft:stone":128,"minecraft:cobbled_deepslate":128,"minecraft:mossy_cobblestone":192,"minecraft:andesite":64,"minecraft:netherite_sword":1,"minecraft:cobblestone":128,"minecraft:iron_pickaxe":1,"minecraft:totem_of_undying":2,"basicweapons:netherite_club":1,"minecraft:stick":2},"minecraft:custom":{"minecraft:time_since_rest":71461,"minecraft:sprint_one_cm":64187,"minecraft:walk_one_cm":69610,"minecraft:mob_kills":6,"minecraft:drop":17,"minecraft:damage_dealt":1963,"minecraft:swim_one_cm":2438,"minecraft:player_kills":3,"minecraft:fly_one_cm":446769,"minecraft:open_chest":5,"minecraft:crouch_one_cm":7231,"minecraft:play_time":71461,"minecraft:walk_under_water_one_cm":1447,"minecraft:sneak_time":3222,"minecraft:jump":451,"minecraft:leave_game":10,"minecraft:time_since_death":71461,"minecraft:walk_on_water_one_cm":1170,"minecraft:total_world_time":71461}},"DataVersion":3465}