{"stats":{"minecraft:used":{"minecraft:water_bucket":3,"basicweapons:stone_spear":4,"minecraft:diamond_sword":7,"minecraft:dirt":3,"minecraft:flint_and_steel":12,"basicweapons:stone_club":5,"minecraft:grass_block":1,"minecraft:bucket":2},"minecraft:picked_up":{"minecraft:wheat_seeds":1,"minecraft:totem_of_undying":1},"minecraft:dropped":{"minecraft:totem_of_undying":2},"minecraft:custom":{"minecraft:time_since_rest":23461,"minecraft:crouch_one_cm":242,"minecraft:sprint_one_cm":18090,"minecraft:play_time":23461,"minecraft:walk_one_cm":7638,"minecraft:sneak_time":365,"minecraft:walk_under_water_one_cm":1447,"minecraft:drop":2,"minecraft:jump":167,"minecraft:damage_dealt":705,"minecraft:leave_game":10,"minecraft:walk_on_water_one_cm":836,"minecraft:time_since_death":23461,"minecraft:total_world_time":23461,"minecraft:swim_one_cm":2438,"minecraft:fly_one_cm":300646,"minecraft:player_kills":2}},"DataVersion":3465}