{"stats":{"minecraft:used":{"minecraft:cobbled_deepslate_wall":24,"minecraft:moss_block":39,"minecraft:water_bucket":5,"minecraft:netherite_sword":23,"minecraft:flint_and_steel":223,"minecraft:chest":6,"minecraft:stone":343,"minecraft:cobblestone_slab":73,"minecraft:oak_leaves":35,"basicweapons:stone_spear":4,"minecraft:mossy_cobblestone":144,"minecraft:dirt":138,"basicweapons:diamond_hammer":16,"minecraft:yellow_concrete":21,"minecraft:campfire":136,"minecraft:oak_wood":258,"minecraft:spruce_fence":16,"bloomingnature:swamp_oak_leaves":9,"minecraft:andesite_wall":13,"minecraft:oak_log":166,"minecraft:light":20,"minecraft:command_block":1,"minecraft:grass_block":111,"basicweapons:stone_club":5,"minecraft:rooted_dirt":39,"minecraft:oak_button":3,"minecraft:barrier":26,"minecraft:red_terracotta":81,"minecraft:spruce_trapdoor":68,"minecraft:deepslate":202,"basicweapons:netherite_club":3,"minecraft:diamond_sword":7,"minecraft:cobblestone":517,"minecraft:hay_block":26,"minecraft:emerald_block":3,"minecraft:bucket":2,"minecraft:andesite":96,"minecraft:gold_block":241,"immersive_aircraft:biplane":1,"minecraft:cobbled_deepslate":169,"minecraft:orange_terracotta":101,"minecraft:stripped_spruce_wood":80},"minecraft:killed":{"minecraft:spider":1,"minecraft:creeper":1,"minecraft:skeleton":1,"minecraft:zombie":8},"minecraft:picked_up":{"minecraft:coarse_dirt":2,"minecraft:azure_bluet":5,"minecraft:andesite":1729,"basicweapons:netherite_club":1,"minecraft:gunpowder":2,"minecraft:dirt":13,"minecraft:string":2,"minecraft:bone":3,"minecraft:apple":3,"minecraft:wheat_seeds":24,"minecraft:cobbled_deepslate":1792,"minecraft:rose_bush":2,"minecraft:enchanted_golden_apple":1,"minecraft:birch_sapling":6,"minecraft:stick":18,"minecraft:stone":1650,"minecraft:dandelion":2,"bloomingnature:amaryllis":6,"minecraft:vine":88,"shineals_prehistoric_expansion:anomalocaris_spawn_egg":1,"minecraft:mossy_cobblestone":1827,"minecraft:arrow":3,"minecraft:rotten_flesh":15,"minecraft:totem_of_undying":1,"minecraft:oak_button":2,"minecraft:rooted_dirt":1,"minecraft:oak_sapling":31,"minecraft:cobblestone":1794},"minecraft:custom":{"minecraft:mob_kills":13,"minecraft:leave_game":10,"minecraft:time_since_death":167364,"minecraft:climb_one_cm":218,"minecraft:time_since_rest":167364,"minecraft:sprint_one_cm":116507,"minecraft:walk_one_cm":161737,"minecraft:drop":93,"minecraft:damage_dealt":2983,"minecraft:swim_one_cm":5130,"minecraft:fly_one_cm":938804,"minecraft:player_kills":5,"minecraft:open_chest":8,"minecraft:crouch_one_cm":26513,"minecraft:play_time":167364,"minecraft:sneak_time":12116,"minecraft:walk_under_water_one_cm":3799,"minecraft:jump":1096,"minecraft:walk_on_water_one_cm":4687,"minecraft:total_world_time":167364},"minecraft:dropped":{"minecraft:vine":195,"minecraft:moss_block":64,"minecraft:cobbled_deepslate":128,"minecraft:mossy_cobblestone":192,"minecraft:netherite_sword":1,"minecraft:cobblestone":128,"minecraft:enchanted_golden_apple":1,"minecraft:totem_of_undying":2,"basicweapons:netherite_club":1,"minecraft:stick":2,"minecraft:stone":128,"shineals_prehistoric_expansion:anomalocaris_spawn_egg":1,"minecraft:andesite":64,"minecraft:iron_pickaxe":1,"minecraft:red_tulip":1,"minecraft:dandelion":1}},"DataVersion":3465}